-- MySQL Script generated by MySQL Workbench
-- Tue May  6 16:03:25 2025
-- Model: New Model    Version: 1.0
-- MySQL Workbench Forward Engineering

SET @OLD_UNIQUE_CHECKS=@@UNIQUE_CHECKS, UNIQUE_CHECKS=0;
SET @OLD_FOREIGN_KEY_CHECKS=@@FOREIGN_KEY_CHECKS, FOREIGN_KEY_CHECKS=0;
SET @OLD_SQL_MODE=@@SQL_MODE, SQL_MODE='TRADITIONAL,ALLOW_INVALID_DATES';

-- -----------------------------------------------------
-- Schema RestauranteDB_2
-- -----------------------------------------------------
DROP SCHEMA IF EXISTS `RestauranteDB_2` ;

-- -----------------------------------------------------
-- Schema RestauranteDB_2
-- -----------------------------------------------------
CREATE SCHEMA IF NOT EXISTS `RestauranteDB_2` DEFAULT CHARACTER SET utf8 ;
USE `RestauranteDB_2` ;

-- -----------------------------------------------------
-- Table `RestauranteDB_2`.`Users`
-- -----------------------------------------------------
DROP TABLE IF EXISTS `RestauranteDB_2`.`Users` ;

CREATE TABLE IF NOT EXISTS `RestauranteDB_2`.`Users` (
  `id` BIGINT UNSIGNED NOT NULL AUTO_INCREMENT,
  `name` VARCHAR(255) NOT NULL,
  `email` VARCHAR(255) NOT NULL,
  `email_verified_at` TIMESTAMP NULL,
  `remember_token` VARCHAR(255) NULL,
  `password` VARCHAR(255) NOT NULL,
  `role` TINYINT NULL DEFAULT 0,
  `updated_at` TIMESTAMP NULL,
  `created_at` TIMESTAMP NULL,
  PRIMARY KEY (`id`),
  UNIQUE INDEX `email_UNIQUE` (`email` ASC))
ENGINE = InnoDB;


-- -----------------------------------------------------
-- Table `RestauranteDB_2`.`Password_Resets`
-- -----------------------------------------------------
DROP TABLE IF EXISTS `RestauranteDB_2`.`Password_Resets` ;

CREATE TABLE IF NOT EXISTS `RestauranteDB_2`.`Password_Resets` (
  `token` VARCHAR(255) NOT NULL,
  `email` VARCHAR(255) NOT NULL,
  `updated_at` TIMESTAMP NULL,
  `created_at` TIMESTAMP NULL)
ENGINE = InnoDB;


-- -----------------------------------------------------
-- Table `RestauranteDB_2`.`Enderecos`
-- -----------------------------------------------------
DROP TABLE IF EXISTS `RestauranteDB_2`.`Enderecos` ;

CREATE TABLE IF NOT EXISTS `RestauranteDB_2`.`Enderecos` (
  `id` BIGINT UNSIGNED NOT NULL AUTO_INCREMENT,
  `Users_id` BIGINT UNSIGNED NOT NULL,
  `bairro` VARCHAR(255) NOT NULL,
  `logradouro` VARCHAR(255) NOT NULL,
  `numero` INT NOT NULL,
  `complemento` VARCHAR(255) NULL,
  `updated_at` TIMESTAMP NULL,
  `created_at` TIMESTAMP NULL,
  PRIMARY KEY (`id`),
  INDEX `fk_Enderecos_Users1_idx` (`Users_id` ASC),
  CONSTRAINT `fk_Enderecos_Users1`
    FOREIGN KEY (`Users_id`)
    REFERENCES `RestauranteDB_2`.`Users` (`id`)
    ON DELETE NO ACTION
    ON UPDATE NO ACTION)
ENGINE = InnoDB;


-- -----------------------------------------------------
-- Table `RestauranteDB_2`.`Pedidos`
-- -----------------------------------------------------
DROP TABLE IF EXISTS `RestauranteDB_2`.`Pedidos` ;

CREATE TABLE IF NOT EXISTS `RestauranteDB_2`.`Pedidos` (
  `id` BIGINT UNSIGNED NOT NULL AUTO_INCREMENT,
  `status` CHAR(1) NOT NULL,
  `Users_id` BIGINT UNSIGNED NOT NULL,
  `Enderecos_id` BIGINT UNSIGNED NULL,
  `updated_at` TIMESTAMP NULL,
  `created_at` TIMESTAMP NULL,
  PRIMARY KEY (`id`),
  INDEX `fk_Pedidos_Enderecos1_idx` (`Enderecos_id` ASC),
  INDEX `fk_Pedidos_Users1_idx` (`Users_id` ASC),
  CONSTRAINT `fk_Pedidos_Enderecos1`
    FOREIGN KEY (`Enderecos_id`)
    REFERENCES `RestauranteDB_2`.`Enderecos` (`id`)
    ON DELETE NO ACTION
    ON UPDATE NO ACTION,
  CONSTRAINT `fk_Pedidos_Users1`
    FOREIGN KEY (`Users_id`)
    REFERENCES `RestauranteDB_2`.`Users` (`id`)
    ON DELETE NO ACTION
    ON UPDATE NO ACTION)
ENGINE = InnoDB;


-- -----------------------------------------------------
-- Table `RestauranteDB_2`.`Tipo_Produtos`
-- -----------------------------------------------------
DROP TABLE IF EXISTS `RestauranteDB_2`.`Tipo_Produtos` ;

CREATE TABLE IF NOT EXISTS `RestauranteDB_2`.`Tipo_Produtos` (
  `id` BIGINT UNSIGNED NOT NULL AUTO_INCREMENT,
  `descricao` VARCHAR(255) NOT NULL,
  `updated_at` TIMESTAMP NULL,
  `created_at` TIMESTAMP NULL,
  PRIMARY KEY (`id`))
ENGINE = InnoDB;


-- -----------------------------------------------------
-- Table `RestauranteDB_2`.`Produtos`
-- -----------------------------------------------------
DROP TABLE IF EXISTS `RestauranteDB_2`.`Produtos` ;

CREATE TABLE IF NOT EXISTS `RestauranteDB_2`.`Produtos` (
  `id` BIGINT UNSIGNED NOT NULL AUTO_INCREMENT,
  `nome` VARCHAR(255) NOT NULL,
  `preco` DECIMAL(10,2) NOT NULL,
  `Tipo_Produtos_id` BIGINT UNSIGNED NOT NULL,
  `ingredientes` VARCHAR(255) NOT NULL,
  `urlImage` VARCHAR(255) NOT NULL,
  `updated_at` TIMESTAMP NULL,
  `created_at` TIMESTAMP NULL,
  PRIMARY KEY (`id`),
  INDEX `fk_Produtos_Tipo_Produtos1_idx` (`Tipo_Produtos_id` ASC),
  CONSTRAINT `fk_Produtos_Tipo_Produtos1`
    FOREIGN KEY (`Tipo_Produtos_id`)
    REFERENCES `RestauranteDB_2`.`Tipo_Produtos` (`id`)
    ON DELETE NO ACTION
    ON UPDATE NO ACTION)
ENGINE = InnoDB;


-- -----------------------------------------------------
-- Table `RestauranteDB_2`.`User_Infos`
-- -----------------------------------------------------
DROP TABLE IF EXISTS `RestauranteDB_2`.`User_Infos` ;

CREATE TABLE IF NOT EXISTS `RestauranteDB_2`.`User_Infos` (
  `Users_id` BIGINT UNSIGNED NOT NULL,
  `profileImg` VARCHAR(255) NULL,
  `status` CHAR(1) NULL,
  `dataNasc` DATE NULL,
  `genero` VARCHAR(2) NULL,
  `updated_at` TIMESTAMP NULL,
  `created_at` TIMESTAMP NULL,
  PRIMARY KEY (`Users_id`),
  CONSTRAINT `fk_User_Infos_Users1`
    FOREIGN KEY (`Users_id`)
    REFERENCES `RestauranteDB_2`.`Users` (`id`)
    ON DELETE NO ACTION
    ON UPDATE NO ACTION)
ENGINE = InnoDB;


-- -----------------------------------------------------
-- Table `RestauranteDB_2`.`Pedido_Produtos`
-- -----------------------------------------------------
DROP TABLE IF EXISTS `RestauranteDB_2`.`Pedido_Produtos` ;

CREATE TABLE IF NOT EXISTS `RestauranteDB_2`.`Pedido_Produtos` (
  `Pedidos_id` BIGINT UNSIGNED NOT NULL,
  `Produtos_id` BIGINT UNSIGNED NOT NULL,
  `quantidade` INT UNSIGNED NOT NULL,
  `observacao` VARCHAR(255) NULL,
  `updated_at` TIMESTAMP NULL,
  `created_at` TIMESTAMP NULL,
  PRIMARY KEY (`Pedidos_id`, `Produtos_id`),
  INDEX `fk_Pedidos_has_Produtos_Produtos1_idx` (`Produtos_id` ASC),
  INDEX `fk_Pedidos_has_Produtos_Pedidos1_idx` (`Pedidos_id` ASC),
  CONSTRAINT `fk_Pedidos_has_Produtos_Pedidos1`
    FOREIGN KEY (`Pedidos_id`)
    REFERENCES `RestauranteDB_2`.`Pedidos` (`id`)
    ON DELETE NO ACTION
    ON UPDATE NO ACTION,
  CONSTRAINT `fk_Pedidos_has_Produtos_Produtos1`
    FOREIGN KEY (`Produtos_id`)
    REFERENCES `RestauranteDB_2`.`Produtos` (`id`)
    ON DELETE NO ACTION
    ON UPDATE NO ACTION)
ENGINE = InnoDB;


SET SQL_MODE=@OLD_SQL_MODE;
SET FOREIGN_KEY_CHECKS=@OLD_FOREIGN_KEY_CHECKS;
SET UNIQUE_CHECKS=@OLD_UNIQUE_CHECKS;

-- -----------------------------------------------------
-- Data for table `RestauranteDB_2`.`Users`
-- -----------------------------------------------------
START TRANSACTION;
USE `RestauranteDB_2`;
INSERT INTO `RestauranteDB_2`.`Users` (`id`, `name`, `email`, `email_verified_at`, `remember_token`, `password`, `role`, `updated_at`, `created_at`) VALUES (1, 'Usuário', 'user@user.com.br', NULL, NULL, '$2y$10$oA5PXJyYjHzoPXqv6idLYuZ.Jgkmmw3J1Y9Krfuo4fJfK2STxglVC', 0, '2024-07-25 22:00:00', '2024-07-25 22:00:00');
INSERT INTO `RestauranteDB_2`.`Users` (`id`, `name`, `email`, `email_verified_at`, `remember_token`, `password`, `role`, `updated_at`, `created_at`) VALUES (2, 'Administrador', 'admin@admin.com.br', NULL, NULL, '$2y$10$oA5PXJyYjHzoPXqv6idLYuZ.Jgkmmw3J1Y9Krfuo4fJfK2STxglVC', 1, '2024-07-25 22:00:00', '2024-07-25 22:00:00');

COMMIT;


-- -----------------------------------------------------
-- Data for table `RestauranteDB_2`.`Enderecos`
-- -----------------------------------------------------
START TRANSACTION;
USE `RestauranteDB_2`;
INSERT INTO `RestauranteDB_2`.`Enderecos` (`id`, `Users_id`, `bairro`, `logradouro`, `numero`, `complemento`, `updated_at`, `created_at`) VALUES (1, 1, 'São Francisco', 'Rua Pedro II', 111, 'Apto. 303', '2024-07-25 22:00:00', '2024-07-25 22:00:00');
INSERT INTO `RestauranteDB_2`.`Enderecos` (`id`, `Users_id`, `bairro`, `logradouro`, `numero`, `complemento`, `updated_at`, `created_at`) VALUES (2, 1, 'Centro', 'Rua Parque Paulo', 222, NULL, '2024-07-25 22:00:00', '2024-07-25 22:00:00');

COMMIT;


-- -----------------------------------------------------
-- Data for table `RestauranteDB_2`.`Pedidos`
-- -----------------------------------------------------
START TRANSACTION;
USE `RestauranteDB_2`;
INSERT INTO `RestauranteDB_2`.`Pedidos` (`id`, `status`, `Users_id`, `Enderecos_id`, `updated_at`, `created_at`) VALUES (1, 'A', 1, 1, '2024-07-25 22:00:00', '2024-07-25 22:00:00');
INSERT INTO `RestauranteDB_2`.`Pedidos` (`id`, `status`, `Users_id`, `Enderecos_id`, `updated_at`, `created_at`) VALUES (2, 'A', 1, 2, '2024-07-25 22:00:00', '2024-07-25 22:00:00');
INSERT INTO `RestauranteDB_2`.`Pedidos` (`id`, `status`, `Users_id`, `Enderecos_id`, `updated_at`, `created_at`) VALUES (3, 'A', 1, NULL, '2024-07-25 22:00:00', '2024-07-25 22:00:00');

COMMIT;


-- -----------------------------------------------------
-- Data for table `RestauranteDB_2`.`Tipo_Produtos`
-- -----------------------------------------------------
START TRANSACTION;
USE `RestauranteDB_2`;
INSERT INTO `RestauranteDB_2`.`Tipo_Produtos` (`id`, `descricao`, `updated_at`, `created_at`) VALUES (1, 'Pizza', '2024-07-25 22:00:00', '2024-07-25 22:00:00');
INSERT INTO `RestauranteDB_2`.`Tipo_Produtos` (`id`, `descricao`, `updated_at`, `created_at`) VALUES (2, 'Suco', '2024-07-25 22:00:00', '2024-07-25 22:00:00');
INSERT INTO `RestauranteDB_2`.`Tipo_Produtos` (`id`, `descricao`, `updated_at`, `created_at`) VALUES (3, 'Cerveja', '2024-07-25 22:00:00', '2024-07-25 22:00:00');

COMMIT;


-- -----------------------------------------------------
-- Data for table `RestauranteDB_2`.`Produtos`
-- -----------------------------------------------------
START TRANSACTION;
USE `RestauranteDB_2`;
INSERT INTO `RestauranteDB_2`.`Produtos` (`id`, `nome`, `preco`, `Tipo_Produtos_id`, `ingredientes`, `urlImage`, `updated_at`, `created_at`) VALUES (1, 'Pepperoni', 50.50, 1, 'Pepperoni fatiado, queijo, cebola, pimentão, molho de tomate e orégano', '/img-default/pepperoni-2024-10-17-1729213779-2727.png', '2024-07-25 22:00:00', '2024-07-25 22:00:00');
INSERT INTO `RestauranteDB_2`.`Produtos` (`id`, `nome`, `preco`, `Tipo_Produtos_id`, `ingredientes`, `urlImage`, `updated_at`, `created_at`) VALUES (2, 'Laranja', 8.00, 2, 'Laranja, água e açucar', '/img-default/laranja-2024-10-17-1729213779-2727.png', '2024-07-25 22:00:00', '2024-07-25 22:00:00');
INSERT INTO `RestauranteDB_2`.`Produtos` (`id`, `nome`, `preco`, `Tipo_Produtos_id`, `ingredientes`, `urlImage`, `updated_at`, `created_at`) VALUES (3, 'Skol - Lata', 8.00, 3, 'Água, malte, milho e lúpulo. Alergênicos: Contém cevada e glúten', '/img-default/skol-lata-2024-10-17-1729213779-2727.png', '2024-07-25 22:00:00', '2024-07-25 22:00:00');

COMMIT;


-- -----------------------------------------------------
-- Data for table `RestauranteDB_2`.`Pedido_Produtos`
-- -----------------------------------------------------
START TRANSACTION;
USE `RestauranteDB_2`;
INSERT INTO `RestauranteDB_2`.`Pedido_Produtos` (`Pedidos_id`, `Produtos_id`, `quantidade`, `observacao`, `updated_at`, `created_at`) VALUES (1, 1, 1, NULL, '2024-07-25 22:00:00', '2024-07-25 22:00:00');
INSERT INTO `RestauranteDB_2`.`Pedido_Produtos` (`Pedidos_id`, `Produtos_id`, `quantidade`, `observacao`, `updated_at`, `created_at`) VALUES (1, 2, 2, NULL, '2024-07-25 22:00:00', '2024-07-25 22:00:00');
INSERT INTO `RestauranteDB_2`.`Pedido_Produtos` (`Pedidos_id`, `Produtos_id`, `quantidade`, `observacao`, `updated_at`, `created_at`) VALUES (1, 3, 1, NULL, '2024-07-25 22:00:00', '2024-07-25 22:00:00');
INSERT INTO `RestauranteDB_2`.`Pedido_Produtos` (`Pedidos_id`, `Produtos_id`, `quantidade`, `observacao`, `updated_at`, `created_at`) VALUES (2, 1, 2, NULL, '2024-07-25 22:00:00', '2024-07-25 22:00:00');
INSERT INTO `RestauranteDB_2`.`Pedido_Produtos` (`Pedidos_id`, `Produtos_id`, `quantidade`, `observacao`, `updated_at`, `created_at`) VALUES (3, 3, 10, NULL, '2024-07-25 22:00:00', '2024-07-25 22:00:00');
INSERT INTO `RestauranteDB_2`.`Pedido_Produtos` (`Pedidos_id`, `Produtos_id`, `quantidade`, `observacao`, `updated_at`, `created_at`) VALUES (3, 2, 1, NULL, '2024-07-25 22:00:00', '2024-07-25 22:00:00');

COMMIT;

